<?xml version="1.0" encoding="UTF-8"?>
<!DOCTYPE suite SYSTEM "https://testng.org/testng-1.0.dtd">
<suite name="Suite" thread-count="5" parallel="tests">

	<test  name="ChromeTest">
	<parameter name="Browser" value ="chrome"></parameter>
		<classes>
			<class name="TestNG.CrossBrowser_CreateNewOpportunity" />
		</classes>
	</test> <!-- Test -->

	<test  name="FirefoxTest">
	<parameter name="Browser" value ="firefox"></parameter>
		<classes>
			<class name="TestNG.CrossBrowser_CreateNewOpportunity" />
		</classes>
	</test> <!-- Test -->

	<test  name="EdgeTest">
	<parameter name="Browser" value ="edge"></parameter>
		<classes>
			<class name="TestNG.CrossBrowser_CreateNewOpportunity" />
		</classes>
	</test> <!-- Test -->

</suite> <!-- Suite -->
