<?xml version="1.0" encoding="UTF-8"?>
<!DOCTYPE suite SYSTEM "http://testng.org/testng-1.0.dtd">
<suite name="Suite" verbose="5" data-provider-thread-count="2">

	<parameter name="url" value="http://leaftaps.com/opentaps/"></parameter>
	<parameter name="username" value="DemoSalesManager"></parameter>
	<parameter name="password" value="crmsfa"></parameter>

	<test thread-count="5" name="Test">
		<classes>
			<class name="ParaDataProvider.CreateLead" />
			<class name="ParaDataProvider.EditLead" />
			<class name="ParaDataProvider.DeleteLead" />
			<class name="ParaDataProvider.DuplicateLead" />
			<!-- <class name="ParaDataProvider.MergeLead" /> -->
		</classes>
	</test> <!-- Test -->
</suite> <!-- Suite -->
