<?xml version="1.0" encoding="UTF-8"?>
<!DOCTYPE suite SYSTEM "http://testng.org/testng-1.0.dtd">
<suite name="Suite">
<parameter name="url" value="http://leaftaps.com/opentaps/"></parameter>
  <test thread-count="5" name="Sequencial">
    <classes>
      <class name="Leads.MergeLead"/>
      <class name="Leads.EditLead"/>
      <class name="Leads.DuplicateLead"/>
      <class name="Leads.DeleteLead"/>
      <class name="Leads.CreateLead"/>
      
    </classes>
  </test> <!-- Test -->
</suite> <!-- Suite -->
